Term,Frequency
a,90
and,86
the,75
in,42
to,42
can,41
of,40
is,37
may,30
word,30
information,28
language,25
words,25
text,24
document,23
or,22
systems,22
nlp,21
for,20
as,18
analysis,18
sentence,16
system,15
be,15
important,14
on,13
one,13
an,13
such,12
models,12
when,11
from,11
with,11
identify,10
that,10
machine,10
processing,9
frequency,9
representations,9
these,9
other,9
are,9
use,9
model,9
common,8
many,8
grammatical,8
translation,8
classification,8
another,8
useful,8
search,7
have,7
its,7
modern,7
more,7
also,7
question,7
natural,7
example,7
include,7
human,7
while,7
languages,7
data,7
sentiment,7
into,7
computer,6
attempts,6
it,6
computers,6
between,6
not,6
documents,6
rules,6
often,6
categories,6
using,6
sentences,6
intelligence,6
learning,6
ambiguity,6
artificial,6
tasks,6
term,5
term-frequency,5
relationships,5
representation,5
terms,5
context,5
stop,5
most,5
multiple,5
meaning,5
tokenization,5
contain,5
because,5
patterns,5
this,5
they,5
neural,5
extraction,5
query,5
summarization,5
understand,5
process,5
generate,5
multilingual,5
relevant,5
methods,5
help,5
answering,5
therefore,5
large,4
preprocessing,4
grammar,4
techniques,4
training,4
contains,4
appears,4
used,4
learn,4
however,4
answer,4
consider,4
spelling,4
quality,4
which,4
occurs,4
need,4
but,4
understanding,4
applications,4
different,4
across,4
dictionary,4
meanings,4
knowledge,4
challenges,4
similar,4
statistical,4
retrieval,4
customer,4
entity,4
questions,3
approach,3
assigns,3
twenty,3
if,3
noun,3
spam,3
how,3
advanced,3
measures,3
order,3
errors,3
checking,3
tf-idf,3
simple,3
collection,3
developed,3
application,3
increasingly,3
evaluated,3
their,3
same,3
evaluation,3
people,3
count,3
depends,3
major,3
research,3
marks,3
news,3
entities,3
combine,3
generation,3
about,3
original,3
recognition,3
semantic,3
detection,3
frequently,3
user,3
was,3
tagging,3
provides,3
researchers,3
frequent,3
dictionaries,3
analyze,3
particular,3
removal,3
english,3
numerical,3
tokens,3
commonly,3
fundamental,3
abbreviations,2
spell,2
periods,2
structures,2
written,2
manually,2
represent,2
focuses,2
specific,2
verb,2
abstractive,2
could,2
researcher,2
produce,2
pos,2
consistency,2
factual,2
approaches,2
named,2
ner,2
identifies,2
extractive,2
segmentation,2
perform,2
carefully,2
develop,2
likely,2
even,2
conversational,2
widely,2
surrounding,2
change,2
collections,2
capture,2
intent,2
involve,2
contextual,2
practical,2
depend,2
morphological,2
root,2
parts,2
express,2
education,2
were,2
reduce,2
form,2
related,2
them,2
enabling,2
metrics,2
person,2
product,2
media,2
messages,2
syntactic,2
expresses,2
problems,2
difficult,2
retrieve,2
retrieved,2
determine,2
mechanisms,2
attention,2
aims,2
translate,2
preserving,2
foundation,2
heavily,2
linguistic,2
uses,2
transformer,2
handle,2
although,2
trained,2
resources,2
social,2
expressed,2
organization,2
require,2
location,2
date,2
p,2
j,2
abdul,2
kalam,2
isro,2
india,2
engines,2
support,2
recall,2
precision,2
organizations,2
company,2
opening,2
new,2
ideas,2
communication,2
variations,2
feedback,2
classify,2
positive,2
negative,2
response,2
present,2
divides,2
occur,2
examples,2
privacy,2
first,2
punctuation,2
receive,2
biases,2
suitable,2
operations,2
containing,2
thousands,2
program,2
basic,2
individual,2
needs,2
makes,2
smaller,2
cleaning,2
annotation,2
units,2
annotators,2
vocabulary,2
level,2
called,2
high,2
at,2
appear,2
should,2
writing,2
usually,2
then,2
traditional,2
stored,2
do,2
humans,2
time,2
provide,2
multimodal,2
numbers,2
by,2
content,2
before,2
always,2
capable,1
both,1
pragmatic,1
robust,1
speaker,1
all,1
possible,1
cover,1
standard,1
future,1
through,1
code-mixed,1
resolve,1
intention,1
emojis,1
informal,1
video,1
images,1
face,1
learned,1
sources,1
image,1
real-world,1
hashtags,1
naturally,1
ambiguities,1
audio,1
incomplete,1
context-aware,1
noisy,1
effective,1
involves,1
summarize,1
responsibly,1
conclusion,1
architecture,1
work,1
helps,1
assist,1
students,1
programs,1
code,1
write,1
language-related,1
areas,1
significantly,1
field,1
changed,1
improving,1
datasets,1
high-quality,1
building,1
rich,1
prepares,1
substantially,1
transformers,1
scientific,1
hindi,1
river,1
interpretation,1
than,1
visual,1
textual,1
has,1
lexical,1
performance,1
sequence,1
self-attention,1
intended,1
side,1
efficiently,1
institution,1
financial,1
refer,1
bank,1
token,1
input,1
evidence,1
accessibility,1
allows,1
mechanism,1
improve,1
personal,1
communicate,1
poor-quality,1
enters,1
rely,1
preparation,1
unwanted,1
professional,1
inappropriate,1
tools,1
distance,1
edit,1
corrections,1
recommend,1
alternatives,1
associations,1
suggests,1
dataset,1
construction,1
checker,1
differ,1
millions,1
requires,1
area,1
incorrect,1
known,1
validation,1
interpret,1
manage,1
produces,1
generates,1
retrieves,1
dialogue,1
state,1
determines,1
message,1
receives,1
assistants,1
virtual,1
chatbots,1
exact,1
ambiguous,1
access,1
safety,1
plays,1
technology,1
relationship,1
role,1
correction,1
careful,1
controlled,1
essential,1
overlap-based,1
reflect,1
results,1
stereotypes,1
developers,1
fairness,1
measure,1
bleu,1
transparency,1
accountability,1
responsible,1
automatic,1
turns,1
protect,1
sensitive,1
f1-score,1
follow,1
appropriate,1
accuracy,1
beings,1
practices,1
measuring,1
inaccurate,1
judgments,1
label,1
relevance,1
introduce,1
sentiments,1
summaries,1
wording,1
preserve,1
simpler,1
main,1
question-answer,1
pairs,1
clear,1
phrases,1
selects,1
version,1
shorter,1
guidelines,1
necessary,1
maintain,1
ethical,1
fluency,1
considerations,1
reproduce,1
remove,1
surveys,1
interesting,1
way,1
embedding,1
encouraged,1
two,1
ignored,1
generally,1
frequencies,1
according,1
represented,1
bag-of-words,1
stages,1
convert,1
directly,1
vectors,1
cannot,1
challenge,1
similarity,1
property,1
cleaned,1
score,1
rarely,1
transformed,1
considers,1
inverse,1
converting,1
embeddings,1
space,1
indic,1
internal,1
task,1
variation,1
base,1
find,1
lemmatization,1
stem,1
stemming,1
marker,1
plural,1
additional,1
structure,1
studies,1
vector,1
designed,1
struggled,1
complexity,1
single,1
interpretations,1
depending,1
certain,1
been,1
fasttext,1
glove,1
word2vec,1
frequency-inverse,1
extension,1
deeper,1
topics,1
key,1
spaces,1
each,1
extracts,1
performs,1
file,1
reads,1
python,1
dividing,1
implemented,1
performed,1
themes,1
lowercase,1
operation,1
show,1
table,1
times,1
contribute,1
less,1
applied,1
technique,1
some,1
function,1
purpose,1
occurrence,1
extra,1
corresponding,1
value,1
combined,1
removing,1
unnecessary,1
repeated,1
style,1
mean,1
does,1
dominant,1
easier,1
top,1
displaying,1
unique,1
hundreds,1
sorted,1
values,1
every,1
handling,1
complete,1
after,1
increased,1
again,1
initialized,1
eliminating,1
where,1
ends,1
begins,1
contrast,1
telugu,1
marathi,1
passages,1
symbolic,1
answers,1
attempt,1
complaints,1
experiences,1
late,1
delivery,1
damaged,1
helpful,1
neutral,1
very,1
staff,1
excellent,1
forms,1
service,1
decision,1
reviews,1
attitudes,1
emotions,1
opinions,1
identifying,1
retrieval-augmented,1
tamil,1
rag,1
external,1
available,1
morphology,1
differences,1
language-specific,1
shared,1
several,1
countries,1
especially,1
assamese,1
limited,1
challenging,1
remain,1
low-resource,1
parallel,1
networks,1
relied,1
earlier,1
visible,1
parameters,1
bengali,1
contained,1
generated,1
source,1
labeled,1
review,1
logical,1
conjunction,1
money,1
typical,1
mentioned,1
history,1
began,1
rule-based,1
early,1
parsing,1
including,1
attempted,1
determiner,1
preposition,1
legitimate,1
pronoun,1
adverb,1
adjective,1
part-of-speech,1
contexts,1
addresses,1
website,1
decimal,1
fail,1
boundaries,1
exclamation,1
types,1
dr,1
worked,1
statistics,1
email,1
topic,1
bridge,1
gap,1
combines,1
further,1
graphs,1
databases,1
extracted,1
involved,1
city,1
name,1
office,1
article,1
facts,1
events,1
dates,1
locations,1
science,1
extract,1
unstructured,1
structured,1
linguistics,1
study,1
